filename,date,coh,lane,pop,emb.trt,str.trt,m1start,m1end,m2start,m2end,m3start,m3end,weight,length,file.lanerange
10-14-2024 KC Control 1-4,2024-10-14,4,1,KC,Control,Control,12:20:00,12:45:00,12:59:00,13:24:00,14:13:00,14:20:00,88.8,17.9,1-4
10-14-2024 KC Control 1-4,2024-10-14,4,2,KC,Control,Control,12:20:00,12:45:00,12:59:00,13:24:00,14:13:00,14:20:00,89.4,17.35,1-4
10-14-2024 KC Control 1-4,2024-10-14,4,3,KC,Control,Hypoxia,12:20:00,12:45:00,12:59:00,13:24:00,14:13:00,14:20:00,73.7,17.05,1-4
10-14-2024 KC Control 1-4,2024-10-14,4,4,KC,Control,Hypoxia,12:20:00,12:45:00,12:59:00,13:24:00,14:13:00,14:20:00,52.8,16,1-4
10-14-2024 KC Control 5-8,2024-10-14,4,5,KC,Control,Hypoxia,12:20:00,12:45:00,12:59:00,13:24:00,14:13:00,14:20:00,108.1,19.1,5-8
10-14-2024 KC Control 5-8,2024-10-14,4,6,KC,Control,Heat Stress,12:20:00,12:45:00,12:59:00,13:24:00,14:13:00,14:20:00,102.2,19.7,5-8
10-14-2024 KC Control 5-8,2024-10-14,4,7,KC,Control,Heat Stress,12:20:00,12:45:00,12:59:00,13:24:00,14:13:00,14:20:00,83.6,16.45,5-8
10-14-2024 KC Control 5-8,2024-10-14,4,8,KC,Control,Heat Stress,12:20:00,12:45:00,12:59:00,13:24:00,14:13:00,14:20:00,78,17.5,5-8
10-14-2024 kc Pb 1-4,2024-10-14,4,1,KC,Pb,Control,16:22:00,16:48:00,17:00:00,17:25:00,17:53:00,18:00:00,70.2,15.8,1-4
10-14-2024 kc Pb 1-4,2024-10-14,4,2,KC,Pb,Control,16:22:00,16:48:00,17:00:00,17:25:00,17:53:00,18:00:00,77.5,17.8,1-4
10-14-2024 kc Pb 1-4,2024-10-14,4,3,KC,Pb,Hypoxia,16:22:00,16:48:00,17:00:00,17:25:00,17:53:00,18:00:00,80.9,17.4,1-4
10-14-2024 kc Pb 1-4,2024-10-14,4,4,KC,Pb,Hypoxia,16:22:00,16:48:00,17:00:00,17:25:00,17:53:00,18:00:00,85.7,17.5,1-4
10-14-2024 KC Pb 5-8,2024-10-14,4,5,KC,Pb,Hypoxia,16:22:00,16:48:00,17:00:00,17:25:00,17:53:00,18:00:00,65.5,16.4,5-8
10-14-2024 KC Pb 5-8,2024-10-14,4,6,KC,Pb,Heat Stress,16:22:00,16:48:00,17:00:00,17:25:00,17:53:00,18:00:00,72.8,17.5,5-8
10-14-2024 KC Pb 5-8,2024-10-14,4,7,KC,Pb,Heat Stress,16:22:00,16:48:00,17:00:00,17:25:00,17:53:00,18:00:00,110.4,19.7,5-8
10-14-2024 KC Pb 5-8,2024-10-14,4,8,KC,Pb,Heat Stress,16:22:00,16:48:00,17:00:00,17:25:00,17:53:00,18:00:00,94.6,18.3,5-8
10-15-2024 KC REPSE 1-4,2024-10-15,4,1,KC,REPSE,Control,14:38:00,15:05:00,15:17:00,15:45:00,16:20:00,16:30:00,99.3,19.3,1-4
10-15-2024 KC REPSE 1-4,2024-10-15,4,2,KC,REPSE,Control,14:38:00,15:05:00,15:17:00,15:45:00,16:20:00,16:30:00,97.1,18.3,1-4
10-15-2024 KC REPSE 1-4,2024-10-15,4,3,KC,REPSE,Hypoxia,14:38:00,15:05:00,15:17:00,15:45:00,16:20:00,16:30:00,71,16.8,1-4
10-15-2024 KC REPSE 1-4,2024-10-15,4,4,KC,REPSE,Hypoxia,14:38:00,15:05:00,15:17:00,15:45:00,16:20:00,16:30:00,82.2,16.8,1-4
10-15-2024 KC REPSE 5-8,2024-10-15,4,5,KC,REPSE,Hypoxia,14:38:00,15:05:00,15:17:00,15:45:00,16:20:00,16:30:00,77.2,17.2,5-8
10-15-2024 KC REPSE 5-8,2024-10-15,4,6,KC,REPSE,Heat Stress,14:38:00,15:05:00,15:17:00,15:45:00,16:20:00,16:30:00,98.2,17.8,5-8
10-15-2024 KC REPSE 5-8,2024-10-15,4,7,KC,REPSE,Heat Stress,14:38:00,15:05:00,15:17:00,15:45:00,16:20:00,16:30:00,98.7,18.9,5-8
10-15-2024 KC REPSE 5-8,2024-10-15,4,8,KC,REPSE,Heat Stress,14:38:00,15:05:00,15:17:00,15:45:00,16:20:00,16:30:00,119.3,19.8,5-8
10-16-2024 KC REPSE Cd 1-4,2024-10-16,4,1,KC,REPSE+Cd,Control,14:23:00,14:49:00,15:03:00,15:29:00,16:14:00,16:25:00,78.5,17.05,1-4
10-16-2024 KC REPSE Cd 1-4,2024-10-16,4,2,KC,REPSE+Cd,Control,14:23:00,14:49:00,15:03:00,15:29:00,16:14:00,16:25:00,89.8,18,1-4
10-16-2024 KC REPSE Cd 1-4,2024-10-16,4,3,KC,REPSE+Cd,Hypoxia,14:23:00,14:49:00,15:03:00,15:29:00,16:14:00,16:25:00,62.8,16.5,1-4
10-16-2024 KC REPSE Cd 1-4,2024-10-16,4,4,KC,REPSE+Cd,Hypoxia,14:23:00,14:49:00,15:03:00,15:29:00,16:14:00,16:25:00,109.3,18.95,1-4
10-16-2024 KC REPSE Cd 5-8,2024-10-16,4,5,KC,REPSE+Cd,Hypoxia,14:23:00,14:49:00,15:03:00,15:29:00,16:14:00,16:25:00,105.7,19.1,5-8
10-16-2024 KC REPSE Cd 5-8,2024-10-16,4,6,KC,REPSE+Cd,Heat Stress,14:23:00,14:49:00,15:03:00,15:29:00,16:14:00,16:25:00,101.8,18.05,5-8
10-16-2024 KC REPSE Cd 5-8,2024-10-16,4,7,KC,REPSE+Cd,Heat Stress,14:23:00,14:49:00,15:03:00,15:29:00,16:14:00,16:25:00,108.4,19.25,5-8
10-16-2024 KC REPSE Cd 5-8,2024-10-16,4,8,KC,REPSE+Cd,Heat Stress,14:23:00,14:49:00,15:03:00,15:29:00,16:14:00,16:25:00,77.6,18.35,5-8
10-17-2024 KC REPSE Pb 1-4,2024-10-17,4,1,KC,REPSE+Pb,Control,11:24:00,11:52:00,12:06:00,12:33:00,13:07:00,13:18:00,113.9,19,1-4
10-17-2024 KC REPSE Pb 1-4,2024-10-17,4,2,KC,REPSE+Pb,Control,11:24:00,11:52:00,12:06:00,12:33:00,13:07:00,13:18:00,93.8,18.7,1-4
10-17-2024 KC REPSE Pb 1-4,2024-10-17,4,3,KC,REPSE+Pb,Hypoxia,11:24:00,11:52:00,12:06:00,12:33:00,13:07:00,13:18:00,92.2,18.45,1-4
10-17-2024 KC REPSE Pb 1-4,2024-10-17,4,4,KC,REPSE+Pb,Hypoxia,11:24:00,11:52:00,12:06:00,12:33:00,13:07:00,13:18:00,119.6,20.3,1-4
10-17-2024 KC REPSE Pb 5-8,2024-10-17,4,5,KC,REPSE+Pb,Hypoxia,11:24:00,11:52:00,12:06:00,12:33:00,13:07:00,13:18:00,112.5,19.4,5-8
10-17-2024 KC REPSE Pb 5-8,2024-10-17,4,6,KC,REPSE+Pb,Heat Stress,11:24:00,11:52:00,12:06:00,12:33:00,13:07:00,13:18:00,95.5,18.6,5-8
10-17-2024 KC REPSE Pb 5-8,2024-10-17,4,7,KC,REPSE+Pb,Heat Stress,11:24:00,11:52:00,12:06:00,12:33:00,13:07:00,13:18:00,95.5,18,5-8
10-17-2024 KC REPSE Pb 5-8,2024-10-17,4,8,KC,REPSE+Pb,Heat Stress,11:24:00,11:52:00,12:06:00,12:33:00,13:07:00,13:18:00,79.9,17.6,5-8
10-17-2024 Rep Control 1-4,2024-10-17,4,1,REP,Control,Control,15:02:00,15:29:00,15:41:00,16:08:00,16:33:00,16:43:00,113.9,18.22,1-4
10-17-2024 Rep Control 1-4,2024-10-17,4,2,REP,Control,Control,15:02:00,15:29:00,15:41:00,16:08:00,16:33:00,16:43:00,118.2,20.02,1-4
10-17-2024 Rep Control 1-4,2024-10-17,4,3,REP,Control,Hypoxia,15:02:00,15:29:00,15:41:00,16:08:00,16:33:00,16:43:00,172.2,21.4,1-4
10-17-2024 Rep Control 1-4,2024-10-17,4,4,REP,Control,Hypoxia,15:02:00,15:29:00,15:41:00,16:08:00,16:33:00,16:43:00,89.3,17.8,1-4
10-17-2024 Rep Control 5-8,2024-10-17,4,5,REP,Control,Hypoxia,15:02:00,15:29:00,15:41:00,16:08:00,16:33:00,16:43:00,134.2,20.1,5-8
10-17-2024 Rep Control 5-8,2024-10-17,4,6,REP,Control,Heat Stress,15:02:00,15:29:00,15:41:00,16:08:00,16:33:00,16:43:00,102.1,19.25,5-8
10-17-2024 Rep Control 5-8,2024-10-17,4,7,REP,Control,Heat Stress,15:02:00,15:29:00,15:41:00,16:08:00,16:33:00,16:43:00,111.1,18.85,5-8
10-17-2024 Rep Control 5-8,2024-10-17,4,8,REP,Control,Heat Stress,15:02:00,15:29:00,15:41:00,16:08:00,16:33:00,16:43:00,141,20.95,5-8
10-18-2024 REP Cd 1-4,2024-10-18,4,1,REP,Cd,Control,11:26:00,11:54:00,12:03:00,12:28:00,12:55:00,13:06:00,144.4,NA,1-4
10-18-2024 REP Cd 1-4,2024-10-18,4,2,REP,Cd,Control,11:26:00,11:54:00,12:03:00,12:28:00,12:55:00,13:06:00,126.1,19.2,1-4
10-18-2024 REP Cd 1-4,2024-10-18,4,3,REP,Cd,Hypoxia,11:26:00,11:54:00,12:03:00,12:28:00,12:55:00,13:06:00,123.7,19.3,1-4
10-18-2024 REP Cd 1-4,2024-10-18,4,4,REP,Cd,Hypoxia,11:26:00,11:54:00,12:03:00,12:28:00,12:55:00,13:06:00,109,19.2,1-4
10-18-2024 REP Cd 5-8,2024-10-18,4,5,REP,Cd,Hypoxia,11:26:00,11:54:00,12:03:00,12:28:00,12:55:00,13:06:00,74.5,18,5-8
10-18-2024 REP Cd 5-8,2024-10-18,4,6,REP,Cd,Heat Stress,11:26:00,11:54:00,12:03:00,12:28:00,12:55:00,13:06:00,109.7,NA,5-8
10-18-2024 REP Cd 5-8,2024-10-18,4,7,REP,Cd,Heat Stress,11:26:00,11:54:00,12:03:00,12:28:00,12:55:00,13:06:00,128.2,21.1,5-8
10-18-2024 REP Cd 5-8,2024-10-18,4,8,REP,Cd,Heat Stress,11:26:00,11:54:00,12:03:00,12:28:00,12:55:00,13:06:00,107.5,18.9,5-8
10-18-2024 REP Pb 1-4,2024-10-18,4,1,REP,Pb,Control,15:00:00,15:25:00,15:39:00,16:04:00,16:43:00,16:55:00,147.7,22.3,1-4
10-18-2024 REP Pb 1-4,2024-10-18,4,2,REP,Pb,Control,15:00:00,15:25:00,15:39:00,16:04:00,16:43:00,16:55:00,134.3,20.9,1-4
10-18-2024 REP Pb 1-4,2024-10-18,4,3,REP,Pb,Hypoxia,15:00:00,15:25:00,15:39:00,16:04:00,16:43:00,16:55:00,121.1,19.9,1-4
10-18-2024 REP Pb 1-4,2024-10-18,4,4,REP,Pb,Hypoxia,15:00:00,15:25:00,15:39:00,16:04:00,16:43:00,16:55:00,83.4,17.7,1-4
10-18-2024 REP Pb 5-8,2024-10-18,4,5,REP,Pb,Hypoxia,15:00:00,15:25:00,15:39:00,16:04:00,16:43:00,16:55:00,107.6,19.1,5-8
10-18-2024 REP Pb 5-8,2024-10-18,4,6,REP,Pb,Heat Stress,15:00:00,15:25:00,15:39:00,16:04:00,16:43:00,16:55:00,122.6,20,5-8
10-18-2024 REP Pb 5-8,2024-10-18,4,7,REP,Pb,Heat Stress,15:00:00,15:25:00,15:39:00,16:04:00,16:43:00,16:55:00,82.9,18,5-8
10-18-2024 REP Pb 5-8,2024-10-18,4,8,REP,Pb,Heat Stress,15:00:00,15:25:00,15:39:00,16:04:00,16:43:00,16:55:00,141.2,20.7,5-8
10-19-2024 REP REPSE+Cd 1-4,2024-10-19,4,1,REP,REPSE+Cd,Control,12:20:00,12:50:00,13:02:00,13:28:00,14:00:00,14:12:00,213.7,24.9,1-4
10-19-2024 REP REPSE+Cd 1-4,2024-10-19,4,2,REP,REPSE+Cd,Control,12:20:00,12:50:00,13:02:00,13:28:00,14:00:00,14:12:00,104.7,19.2,1-4
10-19-2024 REP REPSE+Cd 1-4,2024-10-19,4,3,REP,REPSE+Cd,Hypoxia,12:20:00,12:50:00,13:02:00,13:28:00,14:00:00,14:12:00,133.6,17,1-4
10-19-2024 REP REPSE+Cd 1-4,2024-10-19,4,4,REP,REPSE+Cd,Hypoxia,12:20:00,12:50:00,13:02:00,13:28:00,14:00:00,14:12:00,83.8,18.5,1-4
10-19-2024 REP REPSE+Cd 5-8,2024-10-19,4,5,REP,REPSE+Cd,Hypoxia,12:20:00,12:50:00,13:02:00,13:28:00,14:00:00,14:12:00,117.8,20.2,5-8
10-19-2024 REP REPSE+Cd 5-8,2024-10-19,4,6,REP,REPSE+Cd,Heat Stress,12:20:00,12:50:00,13:02:00,13:28:00,14:00:00,14:12:00,127.5,20.6,5-8
10-19-2024 REP REPSE+Cd 5-8,2024-10-19,4,7,REP,REPSE+Cd,Heat Stress,12:20:00,12:50:00,13:02:00,13:28:00,14:00:00,14:12:00,101.8,20.6,5-8
10-19-2024 REP REPSE+Cd 5-8,2024-10-19,4,8,REP,REPSE+Cd,Heat Stress,12:20:00,12:50:00,13:02:00,13:28:00,14:00:00,14:12:00,119.4,19.9,5-8
10-21-2024 Rep REPSE Pb 1-4,2024-10-21,4,1,REP,REPSE+Pb,Control,11:42:00,12:08:00,12:20:00,12:46:00,13:03:00,13:14:00,118.5,19.9,1-4
10-21-2024 Rep REPSE Pb 1-4,2024-10-21,4,2,REP,REPSE+Pb,Control,11:42:00,12:08:00,12:20:00,12:46:00,13:03:00,13:14:00,119.7,19.5,1-4
10-21-2024 Rep REPSE Pb 1-4,2024-10-21,4,3,REP,REPSE+Pb,Hypoxia,11:42:00,12:08:00,12:20:00,12:46:00,13:03:00,13:14:00,76.1,18.3,1-4
10-21-2024 Rep REPSE Pb 1-4,2024-10-21,4,4,REP,REPSE+Pb,Hypoxia,11:42:00,12:08:00,12:20:00,12:46:00,13:03:00,13:14:00,112.7,20.5,1-4
10-21-2024 Rep REPSE Pb 5-8,2024-10-21,4,5,REP,REPSE+Pb,Hypoxia,11:42:00,12:08:00,12:20:00,12:46:00,13:03:00,13:14:00,91.4,18.5,5-8
10-21-2024 Rep REPSE Pb 5-8,2024-10-21,4,6,REP,REPSE+Pb,Heat Stress,11:42:00,12:08:00,12:20:00,12:46:00,13:03:00,13:14:00,131.6,20.4,5-8
10-21-2024 Rep REPSE Pb 5-8,2024-10-21,4,7,REP,REPSE+Pb,Heat Stress,11:42:00,12:08:00,12:20:00,12:46:00,13:03:00,13:14:00,82.1,18.8,5-8
10-21-2024 Rep REPSE Pb 5-8,2024-10-21,4,8,REP,REPSE+Pb,Heat Stress,11:42:00,12:08:00,12:20:00,12:46:00,13:03:00,13:14:00,63.9,16.3,5-8
10-22-2024 Pes Control 1-4,2024-10-22,4,1,PES,Control,Control,10:40:00,11:06:00,11:19:00,11:45:00,12:07:00,12:18:00,118.8,19.5,1-4
10-22-2024 Pes Control 1-4,2024-10-22,4,2,PES,Control,Control,10:40:00,11:06:00,11:19:00,11:45:00,12:07:00,12:18:00,107,19.2,1-4
10-22-2024 Pes Control 1-4,2024-10-22,4,3,PES,Control,Hypoxia,10:40:00,11:06:00,11:19:00,11:45:00,12:07:00,12:18:00,91.5,18,1-4
10-22-2024 Pes Control 1-4,2024-10-22,4,4,PES,Control,Hypoxia,10:40:00,11:06:00,11:19:00,11:45:00,12:07:00,12:18:00,105.1,19.35,1-4
10-22-2024 Pes Control 5-8,2024-10-22,4,5,PES,Control,Hypoxia,10:40:00,11:06:00,11:19:00,11:45:00,12:07:00,12:18:00,97.9,18.75,5-8
10-22-2024 Pes Control 5-8,2024-10-22,4,6,PES,Control,Heat Stress,10:40:00,11:06:00,11:19:00,11:45:00,12:07:00,12:18:00,95.5,18.8,5-8
10-22-2024 Pes Control 5-8,2024-10-22,4,7,PES,Control,Heat Stress,10:40:00,11:06:00,11:19:00,11:45:00,12:07:00,12:18:00,127.9,19.65,5-8
10-22-2024 Pes Control 5-8,2024-10-22,4,8,PES,Control,Heat Stress,10:40:00,11:06:00,11:19:00,11:45:00,12:07:00,12:18:00,92,18.6,5-8
10-22-2024 Pes Cd 1-4,2024-10-22,4,1,PES,Cd,Control,14:24:00,14:52:00,15:06:00,15:32:00,15:50:00,16:01:00,142.7,21.55,1-4
10-22-2024 Pes Cd 1-4,2024-10-22,4,2,PES,Cd,Control,14:24:00,14:52:00,15:06:00,15:32:00,15:50:00,16:01:00,121.6,21,1-4
10-22-2024 Pes Cd 1-4,2024-10-22,4,3,PES,Cd,Hypoxia,14:24:00,14:52:00,15:06:00,15:32:00,15:50:00,16:01:00,129.5,20.2,1-4
10-22-2024 Pes Cd 1-4,2024-10-22,4,4,PES,Cd,Hypoxia,14:24:00,14:52:00,15:06:00,15:32:00,15:50:00,16:01:00,123.2,19.05,1-4
10-22-2024 Pes Cd 5-8,2024-10-22,4,5,PES,Cd,Hypoxia,14:24:00,14:52:00,15:06:00,15:32:00,15:50:00,16:01:00,117.7,19.8,5-8
10-22-2024 Pes Cd 5-8,2024-10-22,4,6,PES,Cd,Heat Stress,14:24:00,14:52:00,15:06:00,15:32:00,15:50:00,16:01:00,131.2,20.7,5-8
10-22-2024 Pes Cd 5-8,2024-10-22,4,7,PES,Cd,Heat Stress,14:24:00,14:52:00,15:06:00,15:32:00,15:50:00,16:01:00,120.4,20.5,5-8
10-22-2024 Pes Cd 5-8,2024-10-22,4,8,PES,Cd,Heat Stress,14:24:00,14:52:00,15:06:00,15:32:00,15:50:00,16:01:00,135,20.25,5-8
10-23-2024 PES Pb 1-4,2024-10-23,4,1,PES,Pb,Control,10:36:00,11:03:00,11:18:00,11:44:00,12:08:00,12:19:00,133.7,20.95,1-4
10-23-2024 PES Pb 1-4,2024-10-23,4,2,PES,Pb,Control,10:36:00,11:03:00,11:18:00,11:44:00,12:08:00,12:19:00,120.4,19.5,1-4
10-23-2024 PES Pb 1-4,2024-10-23,4,3,PES,Pb,Hypoxia,10:36:00,11:03:00,11:18:00,11:44:00,12:08:00,12:19:00,76.7,17.15,1-4
10-23-2024 PES Pb 1-4,2024-10-23,4,4,PES,Pb,Hypoxia,10:36:00,11:03:00,11:18:00,11:44:00,12:08:00,12:19:00,109.6,19.8,1-4
10-23-2024 PES Pb 5-8,2024-10-23,4,5,PES,Pb,Hypoxia,10:36:00,11:03:00,11:18:00,11:44:00,12:08:00,12:19:00,114.8,20.15,5-8
10-23-2024 PES Pb 5-8,2024-10-23,4,6,PES,Pb,Heat Stress,10:36:00,11:03:00,11:18:00,11:44:00,12:08:00,12:19:00,97.4,18.6,5-8
10-23-2024 PES Pb 5-8,2024-10-23,4,7,PES,Pb,Heat Stress,10:36:00,11:03:00,11:18:00,11:44:00,12:08:00,12:19:00,111.9,19.95,5-8
10-23-2024 PES Pb 5-8,2024-10-23,4,8,PES,Pb,Heat Stress,10:36:00,11:03:00,11:18:00,11:44:00,12:08:00,12:19:00,121,19.1,5-8
10-23-2024 PES REPSE 1-4,2024-10-23,4,1,PES,REPSE,Control,14:59:00,15:27:00,15:40:00,16:07:00,16:32:00,16:43:00,102.6,19.5,1-4
10-23-2024 PES REPSE 1-4,2024-10-23,4,2,PES,REPSE,Control,14:59:00,15:27:00,15:40:00,16:07:00,16:32:00,16:43:00,90.4,17.9,1-4
10-23-2024 PES REPSE 1-4,2024-10-23,4,3,PES,REPSE,Hypoxia,14:59:00,15:27:00,15:40:00,16:07:00,16:32:00,16:43:00,100.7,20.15,1-4
10-23-2024 PES REPSE 1-4,2024-10-23,4,4,PES,REPSE,Hypoxia,14:59:00,15:27:00,15:40:00,16:07:00,16:32:00,16:43:00,118.4,19.6,1-4
10-23-2024 PES REPSE 5-8,2024-10-23,4,5,PES,REPSE,Hypoxia,14:59:00,15:27:00,15:40:00,16:07:00,16:32:00,16:43:00,188.1,23.2,5-8
10-23-2024 PES REPSE 5-8,2024-10-23,4,6,PES,REPSE,Heat Stress,14:59:00,15:27:00,15:40:00,16:07:00,16:32:00,16:43:00,103.3,19.45,5-8
10-23-2024 PES REPSE 5-8,2024-10-23,4,7,PES,REPSE,Heat Stress,14:59:00,15:27:00,15:40:00,16:07:00,16:32:00,16:43:00,115.1,19.3,5-8
10-23-2024 PES REPSE 5-8,2024-10-23,4,8,PES,REPSE,Heat Stress,14:59:00,15:27:00,15:40:00,16:07:00,16:32:00,16:43:00,138.8,20.95,5-8
10-24-2024 PES REPSE Cd 1-4,2024-10-24,4,1,PES,REPSE+Cd,Control,11:00:00,11:26:00,11:39:00,12:04:00,12:40:00,12:50:00,105,18.2,1-4
10-24-2024 PES REPSE Cd 1-4,2024-10-24,4,2,PES,REPSE+Cd,Control,11:00:00,11:26:00,11:39:00,12:04:00,12:40:00,12:50:00,131.5,20.2,1-4
10-24-2024 PES REPSE Cd 1-4,2024-10-24,4,3,PES,REPSE+Cd,Hypoxia,11:00:00,11:26:00,11:39:00,12:04:00,12:40:00,12:50:00,127.6,20.9,1-4
10-24-2024 PES REPSE Cd 1-4,2024-10-24,4,4,PES,REPSE+Cd,Hypoxia,11:00:00,11:26:00,11:39:00,12:04:00,12:40:00,12:50:00,120.1,19.9,1-4
10-24-2024 PES REPSE Cd 5-8,2024-10-24,4,5,PES,REPSE+Cd,Hypoxia,11:00:00,11:26:00,11:39:00,12:04:00,12:40:00,12:50:00,136.5,20.9,5-8
10-24-2024 PES REPSE Cd 5-8,2024-10-24,4,6,PES,REPSE+Cd,Heat Stress,11:00:00,11:26:00,11:39:00,12:04:00,12:40:00,12:50:00,89.6,18.5,5-8
10-24-2024 PES REPSE Cd 5-8,2024-10-24,4,7,PES,REPSE+Cd,Heat Stress,11:00:00,11:26:00,11:39:00,12:04:00,12:40:00,12:50:00,105.1,19.2,5-8
10-24-2024 PES REPSE Cd 5-8,2024-10-24,4,8,PES,REPSE+Cd,Heat Stress,11:00:00,11:26:00,11:39:00,12:04:00,12:40:00,12:50:00,202.9,23.6,5-8
10-24-2024 PES REPSE Pb 1-4,2024-10-24,4,1,PES,REPSE+Pb,Control,14:46:00,15:13:00,15:27:00,15:54:00,16:16:00,16:27:00,147.5,20.5,1-4
10-24-2024 PES REPSE Pb 1-4,2024-10-24,4,2,PES,REPSE+Pb,Control,14:46:00,15:13:00,15:27:00,15:54:00,16:16:00,16:27:00,116.4,19.8,1-4
10-24-2024 PES REPSE Pb 1-4,2024-10-24,4,3,PES,REPSE+Pb,Hypoxia,14:46:00,15:13:00,15:27:00,15:54:00,16:16:00,16:27:00,156.3,21.9,1-4
10-24-2024 PES REPSE Pb 1-4,2024-10-24,4,4,PES,REPSE+Pb,Hypoxia,14:46:00,15:13:00,15:27:00,15:54:00,16:16:00,16:27:00,151.6,21.82,1-4
10-24-2024 PES REPSE Pb 5-8,2024-10-24,4,5,PES,REPSE+Pb,Hypoxia,14:46:00,15:13:00,15:27:00,15:54:00,16:16:00,16:27:00,117.6,20.3,5-8
10-24-2024 PES REPSE Pb 5-8,2024-10-24,4,6,PES,REPSE+Pb,Heat Stress,14:46:00,15:13:00,15:27:00,15:54:00,16:16:00,16:27:00,123.9,19.5,5-8
10-24-2024 PES REPSE Pb 5-8,2024-10-24,4,7,PES,REPSE+Pb,Heat Stress,14:46:00,15:13:00,15:27:00,15:54:00,16:16:00,16:27:00,84.8,18.15,5-8
10-24-2024 PES REPSE Pb 5-8,2024-10-24,4,8,PES,REPSE+Pb,Heat Stress,14:46:00,15:13:00,15:27:00,15:54:00,16:16:00,16:27:00,92.2,17.7,5-8
10-25-2024 KC Cd 1-4,2024-10-25,4,1,KC,Cd,Control,11:10:00,11:36:00,11:50:00,12:17:00,13:06:00,13:20:00,145.2,21,1-4
10-25-2024 KC Cd 1-4,2024-10-25,4,2,KC,Cd,Control,11:10:00,11:36:00,11:50:00,12:17:00,13:06:00,13:20:00,137.2,20.2,1-4
10-25-2024 KC Cd 1-4,2024-10-25,4,3,KC,Cd,Hypoxia,11:10:00,11:36:00,11:50:00,12:17:00,13:06:00,13:20:00,192,22.5,1-4
10-25-2024 KC Cd 1-4,2024-10-25,4,4,KC,Cd,Hypoxia,11:10:00,11:36:00,11:50:00,12:17:00,13:06:00,13:20:00,130.7,20.2,1-4
10-25-2024 KC Cd 5-8,2024-10-25,4,5,KC,Cd,Hypoxia,11:10:00,11:36:00,11:50:00,12:17:00,13:06:00,13:20:00,121.5,19.65,5-8
10-25-2024 KC Cd 5-8,2024-10-25,4,6,KC,Cd,Heat Stress,11:10:00,11:36:00,11:50:00,12:17:00,13:06:00,13:20:00,134.4,19.6,5-8
10-25-2024 KC Cd 5-8,2024-10-25,4,7,KC,Cd,Heat Stress,11:10:00,11:36:00,11:50:00,12:17:00,13:06:00,13:20:00,140.3,20.65,5-8
10-25-2024 KC Cd 5-8,2024-10-25,4,8,KC,Cd,Heat Stress,11:10:00,11:36:00,11:50:00,12:17:00,13:06:00,13:20:00,129.6,20.15,5-8
10-25-2024 PES Control 1-4,2024-10-25,4,1,PES,Control,Control,15:00:00,15:56:00,16:09:00,16:37:00,17:14:00,17:25:00,108.7,19.3,1-4
10-25-2024 PES Control 1-4,2024-10-25,4,2,PES,Control,Hypoxia,15:00:00,15:56:00,16:09:00,16:37:00,17:14:00,17:25:00,115.9,19.2,1-4
10-25-2024 PES Control 1-4,2024-10-25,4,3,PES,Control,Hypoxia,15:00:00,15:56:00,16:09:00,16:37:00,17:14:00,17:25:00,96.9,18.45,1-4
10-25-2024 PES Control 1-4,2024-10-25,4,4,PES,Control,Heat Stress,15:00:00,15:56:00,16:09:00,16:37:00,17:14:00,17:25:00,109.8,20.3,1-4
10-25-2024 PES Pb 5-8,2024-10-25,4,5,PES,Pb,Control,15:00:00,15:56:00,16:09:00,16:37:00,17:14:00,17:25:00,144.9,22,5-8
10-25-2024 PES Pb 5-8,2024-10-25,4,6,PES,Pb,Hypoxia,15:00:00,15:56:00,16:09:00,16:37:00,17:14:00,17:25:00,143.5,20.3,5-8
10-25-2024 PES Pb 5-8,2024-10-25,4,7,PES,Pb,Hypoxia,15:00:00,15:56:00,16:09:00,16:37:00,17:14:00,17:25:00,103.6,19.2,5-8
10-25-2024 PES Pb 5-8,2024-10-25,4,8,PES,Pb,Heat Stress,15:00:00,15:56:00,16:09:00,16:37:00,17:14:00,17:25:00,149.6,22.4,5-8
10-26-2024 PES REPSE 1-4,2024-10-26,4,1,PES,REPSE,Control,11:22:00,11:48:00,12:04:00,12:30:00,13:10:00,13:22:00,148.9,21.8,1-4
10-26-2024 PES REPSE 1-4,2024-10-26,4,2,PES,REPSE,Hypoxia,11:22:00,11:48:00,12:04:00,12:30:00,13:10:00,13:22:00,166,22.4,1-4
10-26-2024 PES REPSE 1-4,2024-10-26,4,3,PES,REPSE,Hypoxia,11:22:00,11:48:00,12:04:00,12:30:00,13:10:00,13:22:00,128.9,21.2,1-4
10-26-2024 PES REPSE 1-4,2024-10-26,4,4,PES,REPSE,Heat Stress,11:22:00,11:48:00,12:04:00,12:30:00,13:10:00,13:22:00,96.4,18.6,1-4
10-26-2024 PES REPSE Cd 5-8,2024-10-26,4,5,PES,REPSE+Cd,Control,11:22:00,11:48:00,12:04:00,12:30:00,13:10:00,13:22:00,120,19.9,5-8
10-26-2024 PES REPSE Cd 5-8,2024-10-26,4,6,PES,REPSE+Cd,Hypoxia,11:22:00,11:48:00,12:04:00,12:30:00,13:10:00,13:22:00,116.7,20,5-8
10-26-2024 PES REPSE Cd 5-8,2024-10-26,4,7,PES,REPSE+Cd,Hypoxia,11:22:00,11:48:00,12:04:00,12:30:00,13:10:00,13:22:00,110.3,19.6,5-8
10-26-2024 PES REPSE Cd 5-8,2024-10-26,4,8,PES,REPSE+Cd,Heat Stress,11:22:00,11:48:00,12:04:00,12:30:00,13:10:00,13:22:00,121,20.2,5-8
10-28-2024 PES REPSE Pb 1-4,2024-10-28,4,1,PES,REPSE+Pb,Control,11:29:00,11:56:00,12:09:00,12:37:00,13:17:00,13:27:00,129.8,21.3,1-4
10-28-2024 PES REPSE Pb 1-4,2024-10-28,4,2,PES,REPSE+Pb,Hypoxia,11:29:00,11:56:00,12:09:00,12:37:00,13:17:00,13:27:00,139.6,20.5,1-4
10-28-2024 PES REPSE Pb 1-4,2024-10-28,4,3,PES,REPSE+Pb,Hypoxia,11:29:00,11:56:00,12:09:00,12:37:00,13:17:00,13:27:00,149.2,21.2,1-4
10-28-2024 PES REPSE Pb 1-4,2024-10-28,4,4,PES,REPSE+Pb,Heat Stress,11:29:00,11:56:00,12:09:00,12:37:00,13:17:00,13:27:00,111.8,20.1,1-4
10-28-2024 PES Cd 5-7,2024-10-28,4,5,PES,Cd,Control,11:29:00,11:56:00,12:09:00,12:37:00,13:17:00,13:27:00,185.7,22.5,5-7
10-28-2024 PES Cd 5-7,2024-10-28,4,6,PES,Cd,Hypoxia,11:29:00,11:56:00,12:09:00,12:37:00,13:17:00,13:27:00,123.9,20.2,5-7
10-28-2024 PES Cd 5-7,2024-10-28,4,7,PES,Cd,Heat Stress,11:29:00,11:56:00,12:09:00,12:37:00,13:17:00,13:27:00,162.7,22.4,5-7
10-28-2024 PES Cd 5-7,2024-10-28,4,8,NA,NA,NA,NA,NA,NA,NA,NA,NA,NA,NA,5-7
10-28-2024 KC Control 1-4,2024-10-28,5,1,KC,Control,Control,15:05:00,15:31:00,15:43:00,16:09:00,16:32:00,16:44:00,75.7,16.9,1-4
10-28-2024 KC Control 1-4,2024-10-28,5,2,KC,Control,Control,15:05:00,15:31:00,15:43:00,16:09:00,16:32:00,16:44:00,82.1,17.9,1-4
10-28-2024 KC Control 1-4,2024-10-28,5,3,KC,Control,Hypoxia,15:05:00,15:31:00,15:43:00,16:09:00,16:32:00,16:44:00,69.4,16.4,1-4
10-28-2024 KC Control 1-4,2024-10-28,5,4,KC,Control,Hypoxia,15:05:00,15:31:00,15:43:00,16:09:00,16:32:00,16:44:00,62.6,16.4,1-4
10-28-2024 KC Control 5-8,2024-10-28,5,5,KC,Control,Hypoxia,15:05:00,15:31:00,15:43:00,16:09:00,16:32:00,16:44:00,102.8,19.6,5-8
10-28-2024 KC Control 5-8,2024-10-28,5,6,KC,Control,Heat Stress,15:05:00,15:31:00,15:43:00,16:09:00,16:32:00,16:44:00,102.5,19.25,5-8
10-28-2024 KC Control 5-8,2024-10-28,5,7,KC,Control,Heat Stress,15:05:00,15:31:00,15:43:00,16:09:00,16:32:00,16:44:00,108.3,19.5,5-8
10-28-2024 KC Control 5-8,2024-10-28,5,8,KC,Control,Heat Stress,15:05:00,15:31:00,15:43:00,16:09:00,16:32:00,16:44:00,101.2,18.5,5-8
10-29-2024 KC Cd 1-4,2024-10-29,5,1,KC,Cd,Control,14:35:00,15:03:00,15:16:00,15:42:00,16:06:00,16:17:00,77.8,17.5,1-4
10-29-2024 KC Cd 1-4,2024-10-29,5,2,KC,Cd,Control,14:35:00,15:03:00,15:16:00,15:42:00,16:06:00,16:17:00,75.4,17.5,1-4
10-29-2024 KC Cd 1-4,2024-10-29,5,3,KC,Cd,Hypoxia,14:35:00,15:03:00,15:16:00,15:42:00,16:06:00,16:17:00,71.4,16.95,1-4
10-29-2024 KC Cd 1-4,2024-10-29,5,4,KC,Cd,Hypoxia,14:35:00,15:03:00,15:16:00,15:42:00,16:06:00,16:17:00,79.5,17.4,1-4
10-29-2024 KC Cd 5-8,2024-10-29,5,5,KC,Cd,Hypoxia,14:35:00,15:03:00,15:16:00,15:42:00,16:06:00,16:17:00,69.3,16.5,5-8
10-29-2024 KC Cd 5-8,2024-10-29,5,6,KC,Cd,Heat Stress,14:35:00,15:03:00,15:16:00,15:42:00,16:06:00,16:17:00,68.4,16.9,5-8
10-29-2024 KC Cd 5-8,2024-10-29,5,7,KC,Cd,Heat Stress,14:35:00,15:03:00,15:16:00,15:42:00,16:06:00,16:17:00,99.2,19.2,5-8
10-29-2024 KC Cd 5-8,2024-10-29,5,8,KC,Cd,Heat Stress,14:35:00,15:03:00,15:16:00,15:42:00,16:06:00,16:17:00,82.8,17.15,5-8
10-30-2024 KC Pb 1-4,2024-10-30,5,1,KC,Pb,Control,11:10:00,11:37:00,11:50:00,12:17:00,12:58:00,13:09:00,87.2,18,1-4
10-30-2024 KC Pb 1-4,2024-10-30,5,2,KC,Pb,Control,11:10:00,11:37:00,11:50:00,12:17:00,12:58:00,13:09:00,91.4,17.9,1-4
10-30-2024 KC Pb 1-4,2024-10-30,5,3,KC,Pb,Hypoxia,11:10:00,11:37:00,11:50:00,12:17:00,12:58:00,13:09:00,82.4,17.7,1-4
10-30-2024 KC Pb 1-4,2024-10-30,5,4,KC,Pb,Hypoxia,11:10:00,11:37:00,11:50:00,12:17:00,12:58:00,13:09:00,91.8,18.2,1-4
10-30-2024 KC Pb 5-8,2024-10-30,5,5,KC,Pb,Hypoxia,11:10:00,11:37:00,11:50:00,12:17:00,12:58:00,13:09:00,103.7,18.7,5-8
10-30-2024 KC Pb 5-8,2024-10-30,5,6,KC,Pb,Heat Stress,11:10:00,11:37:00,11:50:00,12:17:00,12:58:00,13:09:00,91.7,18.7,5-8
10-30-2024 KC Pb 5-8,2024-10-30,5,7,KC,Pb,Heat Stress,11:10:00,11:37:00,11:50:00,12:17:00,12:58:00,13:09:00,75.1,17,5-8
10-30-2024 KC Pb 5-8,2024-10-30,5,8,KC,Pb,Heat Stress,11:10:00,11:37:00,11:50:00,12:17:00,12:58:00,13:09:00,108,18.8,5-8
10-30-2024 KC REPSE 1-4,2024-10-30,5,1,KC,REPSE,Control,14:45:00,15:11:00,15:37:00,16:03:00,16:27:00,16:38:00,181.4,22.4,1-4
10-30-2024 KC REPSE 1-4,2024-10-30,5,2,KC,REPSE,Control,14:45:00,15:11:00,15:37:00,16:03:00,16:27:00,16:38:00,162.3,21.6,1-4
10-30-2024 KC REPSE 1-4,2024-10-30,5,3,KC,REPSE,Hypoxia,14:45:00,15:11:00,15:37:00,16:03:00,16:27:00,16:38:00,144.4,21.2,1-4
10-30-2024 KC REPSE 1-4,2024-10-30,5,4,KC,REPSE,Hypoxia,14:45:00,15:11:00,15:37:00,16:03:00,16:27:00,16:38:00,172,21.6,1-4
10-30-2024 KC REPSE 5-8,2024-10-30,5,5,KC,REPSE,Hypoxia,14:45:00,15:11:00,15:37:00,16:03:00,16:27:00,16:38:00,155.8,21.9,5-8
10-30-2024 KC REPSE 5-8,2024-10-30,5,6,KC,REPSE,Heat Stress,14:45:00,15:11:00,15:37:00,16:03:00,16:27:00,16:38:00,97.7,18.9,5-8
10-30-2024 KC REPSE 5-8,2024-10-30,5,7,KC,REPSE,Heat Stress,14:45:00,15:11:00,15:37:00,16:03:00,16:27:00,16:38:00,143.5,21.25,5-8
10-30-2024 KC REPSE 5-8,2024-10-30,5,8,KC,REPSE,Heat Stress,14:45:00,15:11:00,15:37:00,16:03:00,16:27:00,16:38:00,170.8,22.5,5-8
10-31-2024 KC REPSE Cd 1-4,2024-10-31,5,1,KC,REPSE+Cd,Control,14:38:00,15:06:00,15:22:00,15:50:00,16:15:00,16:26:00,168.7,19.5,1-4
10-31-2024 KC REPSE Cd 1-4,2024-10-31,5,2,KC,REPSE+Cd,Control,14:38:00,15:06:00,15:22:00,15:50:00,16:15:00,16:26:00,156.3,20.9,1-4
10-31-2024 KC REPSE Cd 1-4,2024-10-31,5,3,KC,REPSE+Cd,Hypoxia,14:38:00,15:06:00,15:22:00,15:50:00,16:15:00,16:26:00,139.9,21.25,1-4
10-31-2024 KC REPSE Cd 1-4,2024-10-31,5,4,KC,REPSE+Cd,Hypoxia,14:38:00,15:06:00,15:22:00,15:50:00,16:15:00,16:26:00,184.5,22.1,1-4
10-31-2024 KC REPSE Cd 5-8,2024-10-31,5,5,KC,REPSE+Cd,Hypoxia,14:38:00,15:06:00,15:22:00,15:50:00,16:15:00,16:26:00,169.8,21.4,5-8
10-31-2024 KC REPSE Cd 5-8,2024-10-31,5,6,KC,REPSE+Cd,Heat Stress,14:38:00,15:06:00,15:22:00,15:50:00,16:15:00,16:26:00,174.2,20.5,5-8
10-31-2024 KC REPSE Cd 5-8,2024-10-31,5,7,KC,REPSE+Cd,Heat Stress,14:38:00,15:06:00,15:22:00,15:50:00,16:15:00,16:26:00,160.5,21,5-8
10-31-2024 KC REPSE Cd 5-8,2024-10-31,5,8,KC,REPSE+Cd,Heat Stress,14:38:00,15:06:00,15:22:00,15:50:00,16:15:00,16:26:00,175,22.2,5-8
11-1-2024 KC REPSE Pb 1-4,2024-11-01,5,1,KC,REPSE+Pb,Control,11:26:00,11:52:00,12:06:00,12:33:00,13:18:00,13:28:00,118.6,20,1-4
11-1-2024 KC REPSE Pb 1-4,2024-11-01,5,2,KC,REPSE+Pb,Control,11:26:00,11:52:00,12:06:00,12:33:00,13:18:00,13:28:00,130.7,20.2,1-4
11-1-2024 KC REPSE Pb 1-4,2024-11-01,5,3,KC,REPSE+Pb,Hypoxia,11:26:00,11:52:00,12:06:00,12:33:00,13:18:00,13:28:00,92.6,17.8,1-4
11-1-2024 KC REPSE Pb 1-4,2024-11-01,5,4,KC,REPSE+Pb,Hypoxia,11:26:00,11:52:00,12:06:00,12:33:00,13:18:00,13:28:00,69.9,16.9,1-4
11-1-2024 KC REPSE Pb 5-8,2024-11-01,5,5,KC,REPSE+Pb,Hypoxia,11:26:00,11:52:00,12:06:00,12:33:00,13:18:00,13:28:00,95.6,18.8,5-8
11-1-2024 KC REPSE Pb 5-8,2024-11-01,5,6,KC,REPSE+Pb,Heat Stress,11:26:00,11:52:00,12:06:00,12:33:00,13:18:00,13:28:00,134.1,20.9,5-8
11-1-2024 KC REPSE Pb 5-8,2024-11-01,5,7,KC,REPSE+Pb,Heat Stress,11:26:00,11:52:00,12:06:00,12:33:00,13:18:00,13:28:00,154.9,21.4,5-8
11-1-2024 KC REPSE Pb 5-8,2024-11-01,5,8,KC,REPSE+Pb,Heat Stress,11:26:00,11:52:00,12:06:00,12:33:00,13:18:00,13:28:00,104.6,19.1,5-8
11-1-2024 REP Control 1-4,2024-11-01,5,1,REP,Control,Control,15:13:00,15:40:00,16:02:00,16:27:00,17:20:00,17:34:00,120.6,21.3,1-4
11-1-2024 REP Control 1-4,2024-11-01,5,2,REP,Control,Control,15:13:00,15:40:00,16:02:00,16:27:00,17:20:00,17:34:00,135.9,20.6,1-4
11-1-2024 REP Control 1-4,2024-11-01,5,3,REP,Control,Hypoxia,15:13:00,15:40:00,16:02:00,16:27:00,17:20:00,17:34:00,144.7,NA,1-4
11-1-2024 REP Control 1-4,2024-11-01,5,4,REP,Control,Hypoxia,15:13:00,15:40:00,16:02:00,16:27:00,17:20:00,17:34:00,193,23,1-4
11-1-2024 REP Control 5-8,2024-11-01,5,5,REP,Control,Hypoxia,15:13:00,15:40:00,16:02:00,16:27:00,17:20:00,17:34:00,171.7,22.2,5-8
11-1-2024 REP Control 5-8,2024-11-01,5,6,REP,Control,Heat Stress,15:13:00,15:40:00,16:02:00,16:27:00,17:20:00,17:34:00,176.7,22.6,5-8
11-1-2024 REP Control 5-8,2024-11-01,5,7,REP,Control,Heat Stress,15:13:00,15:40:00,16:02:00,16:27:00,17:20:00,17:34:00,187.6,23.7,5-8
11-1-2024 REP Control 5-8,2024-11-01,5,8,REP,Control,Heat Stress,15:13:00,15:40:00,16:02:00,16:27:00,17:20:00,17:34:00,203.3,24,5-8
11-4-2024 REP Cd 1-4,2024-11-04,5,1,REP,Cd,Control,10:40:00,11:06:00,11:19:00,11:45:00,12:45:00,12:56:00,119.7,19.3,1-4
11-4-2024 REP Cd 1-4,2024-11-04,5,2,REP,Cd,Control,10:40:00,11:06:00,11:19:00,11:45:00,12:45:00,12:56:00,247.3,25.1,1-4
11-4-2024 REP Cd 1-4,2024-11-04,5,3,REP,Cd,Hypoxia,10:40:00,11:06:00,11:19:00,11:45:00,12:45:00,12:56:00,166.3,22.7,1-4
11-4-2024 REP Cd 1-4,2024-11-04,5,4,REP,Cd,Hypoxia,10:40:00,11:06:00,11:19:00,11:45:00,12:45:00,12:56:00,123.6,20.6,1-4
11-4-2024 REP Cd 5-8,2024-11-04,5,5,REP,Cd,Hypoxia,10:40:00,11:06:00,11:19:00,11:45:00,12:45:00,12:56:00,180.6,22.5,5-8
11-4-2024 REP Cd 5-8,2024-11-04,5,6,REP,Cd,Heat Stress,10:40:00,11:06:00,11:19:00,11:45:00,12:45:00,12:56:00,133.7,21.2,5-8
11-4-2024 REP Cd 5-8,2024-11-04,5,7,REP,Cd,Heat Stress,10:40:00,11:06:00,11:19:00,11:45:00,12:45:00,12:56:00,139.6,21,5-8
11-4-2024 REP Cd 5-8,2024-11-04,5,8,REP,Cd,Heat Stress,10:40:00,11:06:00,11:19:00,11:45:00,12:45:00,12:56:00,138.8,21.6,5-8
11-5-2024 Rep Pb 1-4,2024-11-05,5,1,REP,Pb,Control,10:05:00,10:33:00,10:46:00,11:13:00,11:43:00,11:54:00,98.4,18.35,1-4
11-5-2024 Rep Pb 1-4,2024-11-05,5,2,REP,Pb,Control,10:05:00,10:33:00,10:46:00,11:13:00,11:43:00,11:54:00,161.9,22.6,1-4
11-5-2024 Rep Pb 1-4,2024-11-05,5,3,REP,Pb,Hypoxia,10:05:00,10:33:00,10:46:00,11:13:00,11:43:00,11:54:00,134.9,19.9,1-4
11-5-2024 Rep Pb 1-4,2024-11-05,5,4,REP,Pb,Hypoxia,10:05:00,10:33:00,10:46:00,11:13:00,11:43:00,11:54:00,97.8,18.5,1-4
11-5-2024 Rep Pb 5-8,2024-11-05,5,5,REP,Pb,Hypoxia,10:05:00,10:33:00,10:46:00,11:13:00,11:43:00,11:54:00,145.2,20.7,5-8
11-5-2024 Rep Pb 5-8,2024-11-05,5,6,REP,Pb,Heat Stress,10:05:00,10:33:00,10:46:00,11:13:00,11:43:00,11:54:00,136.7,21.7,5-8
11-5-2024 Rep Pb 5-8,2024-11-05,5,7,REP,Pb,Heat Stress,10:05:00,10:33:00,10:46:00,11:13:00,11:43:00,11:54:00,83.7,18.6,5-8
11-5-2024 Rep Pb 5-8,2024-11-05,5,8,REP,Pb,Heat Stress,10:05:00,10:33:00,10:46:00,11:13:00,11:43:00,11:54:00,139.8,20.5,5-8
11-5-2024 REP REPSE 1-4,2024-11-05,5,1,REP,REPSE,Control,14:21:00,14:47:00,15:01:00,15:31:00,15:59:00,16:11:00,135.4,21.25,1-4
11-5-2024 REP REPSE 1-4,2024-11-05,5,2,REP,REPSE,Control,14:21:00,14:47:00,15:01:00,15:31:00,15:59:00,16:11:00,176.2,22.7,1-4
11-5-2024 REP REPSE 1-4,2024-11-05,5,3,REP,REPSE,Hypoxia,14:21:00,14:47:00,15:01:00,15:31:00,15:59:00,16:11:00,129.4,21.6,1-4
11-5-2024 REP REPSE 1-4,2024-11-05,5,4,REP,REPSE,Hypoxia,14:21:00,14:47:00,15:01:00,15:31:00,15:59:00,16:11:00,88.9,18.5,1-4
11-5-2024 REP REPSE 5-8,2024-11-05,5,5,REP,REPSE,Hypoxia,14:21:00,14:47:00,15:01:00,15:31:00,15:59:00,16:11:00,214,23.8,5-8
11-5-2024 REP REPSE 5-8,2024-11-05,5,6,REP,REPSE,Heat Stress,14:21:00,14:47:00,15:01:00,15:31:00,15:59:00,16:11:00,149.6,21.85,5-8
11-5-2024 REP REPSE 5-8,2024-11-05,5,7,REP,REPSE,Heat Stress,14:21:00,14:47:00,15:01:00,15:31:00,15:59:00,16:11:00,147.7,21,5-8
11-5-2024 REP REPSE 5-8,2024-11-05,5,8,REP,REPSE,Heat Stress,14:21:00,14:47:00,15:01:00,15:31:00,15:59:00,16:11:00,105.2,19.3,5-8
11-6-2024 REP REPSE+Cd 1-4,2024-11-06,5,1,REP,REPSE+Cd,Control,11:13:00,11:40:00,11:53:00,12:20:00,12:54:00,13:04:00,95.2,18.3,1-4
11-6-2024 REP REPSE+Cd 1-4,2024-11-06,5,2,REP,REPSE+Cd,Control,11:13:00,11:40:00,11:53:00,12:20:00,12:54:00,13:04:00,158.5,22.3,1-4
11-6-2024 REP REPSE+Cd 1-4,2024-11-06,5,3,REP,REPSE+Cd,Hypoxia,11:13:00,11:40:00,11:53:00,12:20:00,12:54:00,13:04:00,93.2,18.4,1-4
11-6-2024 REP REPSE+Cd 1-4,2024-11-06,5,4,REP,REPSE+Cd,Hypoxia,11:13:00,11:40:00,11:53:00,12:20:00,12:54:00,13:04:00,112.9,19.5,1-4
11-6-2024 REP REPSE+Cd 5-8,2024-11-06,5,5,REP,REPSE+Cd,Hypoxia,11:13:00,11:40:00,11:53:00,12:20:00,12:54:00,13:04:00,NA,NA,5-8
11-6-2024 REP REPSE+Cd 5-8,2024-11-06,5,6,REP,REPSE+Cd,Heat Stress,11:13:00,11:40:00,11:53:00,12:20:00,12:54:00,13:04:00,87.4,18,5-8
11-6-2024 REP REPSE+Cd 5-8,2024-11-06,5,7,REP,REPSE+Cd,Heat Stress,11:13:00,11:40:00,11:53:00,12:20:00,12:54:00,13:04:00,114.8,20,5-8
11-6-2024 REP REPSE+Cd 5-8,2024-11-06,5,8,REP,REPSE+Cd,Heat Stress,11:13:00,11:40:00,11:53:00,12:20:00,12:54:00,13:04:00,116.4,20.2,5-8
11-6-2024 Rep REPSE+Pb 1-4,2024-11-06,5,1,REP,REPSE+Pb,Control,15:07:00,15:34:00,15:48:00,16:16:00,16:39:00,16:50:00,141.2,20.7,1-4
11-6-2024 Rep REPSE+Pb 1-4,2024-11-06,5,2,REP,REPSE+Pb,Control,15:07:00,15:34:00,15:48:00,16:16:00,16:39:00,16:50:00,136.5,21.15,1-4
11-6-2024 Rep REPSE+Pb 1-4,2024-11-06,5,3,REP,REPSE+Pb,Hypoxia,15:07:00,15:34:00,15:48:00,16:16:00,16:39:00,16:50:00,190.9,24.2,1-4
11-6-2024 Rep REPSE+Pb 1-4,2024-11-06,5,4,REP,REPSE+Pb,Hypoxia,15:07:00,15:34:00,15:48:00,16:16:00,16:39:00,16:50:00,149.3,22.05,1-4
11-6-2024 Rep REPSE+Pb 5-8,2024-11-06,5,5,REP,REPSE+Pb,Hypoxia,15:07:00,15:34:00,15:48:00,16:16:00,16:39:00,16:50:00,112.1,19.6,5-8
11-6-2024 Rep REPSE+Pb 5-8,2024-11-06,5,6,REP,REPSE+Pb,Heat Stress,15:07:00,15:34:00,15:48:00,16:16:00,16:39:00,16:50:00,86.5,18.6,5-8
11-6-2024 Rep REPSE+Pb 5-8,2024-11-06,5,7,REP,REPSE+Pb,Heat Stress,15:07:00,15:34:00,15:48:00,16:16:00,16:39:00,16:50:00,139.8,21.4,5-8
11-6-2024 Rep REPSE+Pb 5-8,2024-11-06,5,8,REP,REPSE+Pb,Heat Stress,15:07:00,15:34:00,15:48:00,16:16:00,16:39:00,16:50:00,145.6,22.15,5-8
11-7-2024 PES Control 1-4,2024-11-07,5,1,PES,Control,Control,10:36:00,11:01:00,11:17:00,11:43:00,12:20:00,12:31:00,168.9,21.4,1-4
11-7-2024 PES Control 1-4,2024-11-07,5,2,PES,Control,Control,10:36:00,11:01:00,11:17:00,11:43:00,12:20:00,12:31:00,183.4,22.2,1-4
11-7-2024 PES Control 1-4,2024-11-07,5,3,PES,Control,Hypoxia,10:36:00,11:01:00,11:17:00,11:43:00,12:20:00,12:31:00,77.5,17.2,1-4
11-7-2024 PES Control 1-4,2024-11-07,5,4,PES,Control,Hypoxia,10:36:00,11:01:00,11:17:00,11:43:00,12:20:00,12:31:00,180.4,22.1,1-4
11-7-2024 PES Control 5-8,2024-11-07,5,5,PES,Control,Hypoxia,10:36:00,11:01:00,11:17:00,11:43:00,12:20:00,12:31:00,121.5,19.1,5-8
11-7-2024 PES Control 5-8,2024-11-07,5,6,PES,Control,Heat Stress,10:36:00,11:01:00,11:17:00,11:43:00,12:20:00,12:31:00,97.4,18.2,5-8
11-7-2024 PES Control 5-8,2024-11-07,5,7,PES,Control,Heat Stress,10:36:00,11:01:00,11:17:00,11:43:00,12:20:00,12:31:00,132.2,21.1,5-8
11-7-2024 PES Control 5-8,2024-11-07,5,8,PES,Control,Heat Stress,10:36:00,11:01:00,11:17:00,11:43:00,12:20:00,12:31:00,111.9,19.1,5-8
11-7-2024 PES Cd 1-4,2024-11-07,5,1,PES,Cd,Control,14:48:00,15:15:00,15:29:00,15:56:00,16:32:00,16:43:00,123.9,20.8,1-4
11-7-2024 PES Cd 1-4,2024-11-07,5,2,PES,Cd,Control,14:48:00,15:15:00,15:29:00,15:56:00,16:32:00,16:43:00,125.2,21,1-4
11-7-2024 PES Cd 1-4,2024-11-07,5,3,PES,Cd,Hypoxia,14:48:00,15:15:00,15:29:00,15:56:00,16:32:00,16:43:00,120.1,19.25,1-4
11-7-2024 PES Cd 1-4,2024-11-07,5,4,PES,Cd,Hypoxia,14:48:00,15:15:00,15:29:00,15:56:00,16:32:00,16:43:00,112.1,20.3,1-4
11-7-2024 PES Cd 5-8,2024-11-07,5,5,PES,Cd,Hypoxia,14:48:00,15:15:00,15:29:00,15:56:00,16:32:00,16:43:00,161,22,5-8
11-7-2024 PES Cd 5-8,2024-11-07,5,6,PES,Cd,Heat Stress,14:48:00,15:15:00,15:29:00,15:56:00,16:32:00,16:43:00,112,19.95,5-8
11-7-2024 PES Cd 5-8,2024-11-07,5,7,PES,Cd,Heat Stress,14:48:00,15:15:00,15:29:00,15:56:00,16:32:00,16:43:00,141.4,21.75,5-8
11-7-2024 PES Cd 5-8,2024-11-07,5,8,PES,Cd,Heat Stress,14:48:00,15:15:00,15:29:00,15:56:00,16:32:00,16:43:00,171,22.45,5-8
11-8-2024 Pes Pb 1-4,2024-11-08,5,1,PES,Pb,Control,11:57:00,12:23:00,12:39:00,13:06:00,13:32:00,13:42:00,127.5,19.85,1-4
11-8-2024 Pes Pb 1-4,2024-11-08,5,2,PES,Pb,Control,11:57:00,12:23:00,12:39:00,13:06:00,13:32:00,13:42:00,150.1,20,1-4
11-8-2024 Pes Pb 1-4,2024-11-08,5,3,PES,Pb,Hypoxia,11:57:00,12:23:00,12:39:00,13:06:00,13:32:00,13:42:00,125.9,20.8,1-4
11-8-2024 Pes Pb 1-4,2024-11-08,5,4,PES,Pb,Hypoxia,11:57:00,12:23:00,12:39:00,13:06:00,13:32:00,13:42:00,112.8,20.05,1-4
11-8-2024 Pes Pb 5-8,2024-11-08,5,5,PES,Pb,Hypoxia,11:57:00,12:23:00,12:39:00,13:06:00,13:32:00,13:42:00,113,19,5-8
11-8-2024 Pes Pb 5-8,2024-11-08,5,6,PES,Pb,Heat Stress,11:57:00,12:23:00,12:39:00,13:06:00,13:32:00,13:42:00,82.5,18.1,5-8
11-8-2024 Pes Pb 5-8,2024-11-08,5,7,PES,Pb,Heat Stress,11:57:00,12:23:00,12:39:00,13:06:00,13:32:00,13:42:00,113.1,19,5-8
11-8-2024 Pes Pb 5-8,2024-11-08,5,8,PES,Pb,Heat Stress,11:57:00,12:23:00,12:39:00,13:06:00,13:32:00,13:42:00,137.5,21.2,5-8
11-8-2024 PES REPSE 1-4,2024-11-08,5,1,PES,REPSE,Control,15:36:00,15:52:00,16:05:00,16:32:00,17:07:00,17:17:00,120.1,20.3,1-4
11-8-2024 PES REPSE 1-4,2024-11-08,5,2,PES,REPSE,Control,15:36:00,15:52:00,16:05:00,16:32:00,17:07:00,17:17:00,138.9,21.55,1-4
11-8-2024 PES REPSE 1-4,2024-11-08,5,3,PES,REPSE,Hypoxia,15:36:00,15:52:00,16:05:00,16:32:00,17:07:00,17:17:00,121.3,20.25,1-4
11-8-2024 PES REPSE 1-4,2024-11-08,5,4,PES,REPSE,Hypoxia,15:36:00,15:52:00,16:05:00,16:32:00,17:07:00,17:17:00,131.4,21.55,1-4
11-8-2024 PES REPSE 5-8,2024-11-08,5,5,PES,REPSE,Hypoxia,15:36:00,15:52:00,16:05:00,16:32:00,17:07:00,17:17:00,130.7,20.9,5-8
11-8-2024 PES REPSE 5-8,2024-11-08,5,6,PES,REPSE,Heat Stress,15:36:00,15:52:00,16:05:00,16:32:00,17:07:00,17:17:00,135.3,21.95,5-8
11-8-2024 PES REPSE 5-8,2024-11-08,5,7,PES,REPSE,Heat Stress,15:36:00,15:52:00,16:05:00,16:32:00,17:07:00,17:17:00,145.9,22.8,5-8
11-8-2024 PES REPSE 5-8,2024-11-08,5,8,PES,REPSE,Heat Stress,15:36:00,15:52:00,16:05:00,16:32:00,17:07:00,17:17:00,137.1,21.4,5-8
11-11-2024 PES REPSE+Cd 1-4,2024-11-11,5,1,PES,REPSE+Cd,Control,11:34:00,11:59:00,12:12:00,12:42:00,13:24:00,13:36:00,152.3,22,1-4
11-11-2024 PES REPSE+Cd 1-4,2024-11-11,5,2,PES,REPSE+Cd,Control,11:34:00,11:59:00,12:12:00,12:42:00,13:24:00,13:36:00,122.1,19.9,1-4
11-11-2024 PES REPSE+Cd 1-4,2024-11-11,5,3,PES,REPSE+Cd,Hypoxia,11:34:00,11:59:00,12:12:00,12:42:00,13:24:00,13:36:00,229.3,24.1,1-4
11-11-2024 PES REPSE+Cd 1-4,2024-11-11,5,4,PES,REPSE+Cd,Hypoxia,11:34:00,11:59:00,12:12:00,12:42:00,13:24:00,13:36:00,124,20.3,1-4
11-11-2024 PES REPSE+Cd 5-8,2024-11-11,5,5,PES,REPSE+Cd,Hypoxia,11:34:00,11:59:00,12:12:00,12:42:00,13:24:00,13:36:00,166.7,21.1,5-8
11-11-2024 PES REPSE+Cd 5-8,2024-11-11,5,6,PES,REPSE+Cd,Heat Stress,11:34:00,11:59:00,12:12:00,12:42:00,13:24:00,13:36:00,129.2,20.3,5-8
11-11-2024 PES REPSE+Cd 5-8,2024-11-11,5,7,PES,REPSE+Cd,Heat Stress,11:34:00,11:59:00,12:12:00,12:42:00,13:24:00,13:36:00,119.2,NA,5-8
11-11-2024 PES REPSE+Cd 5-8,2024-11-11,5,8,PES,REPSE+Cd,Heat Stress,11:34:00,11:59:00,12:12:00,12:42:00,13:24:00,13:36:00,132.2,20.1,5-8
11-13-2024 Pes REPSE Pb 1-4,2024-11-13,5,1,PES,REPSE+Pb,Control,14:21:00,14:48:00,15:01:00,15:29:00,15:51:00,16:02:00,140.8,23,1-4
11-13-2024 Pes REPSE Pb 1-4,2024-11-13,5,2,PES,REPSE+Pb,Control,14:21:00,14:48:00,15:01:00,15:29:00,15:51:00,16:02:00,141.8,21.55,1-4
11-13-2024 Pes REPSE Pb 1-4,2024-11-13,5,3,PES,REPSE+Pb,Hypoxia,14:21:00,14:48:00,15:01:00,15:29:00,15:51:00,16:02:00,151.9,21.9,1-4
11-13-2024 Pes REPSE Pb 1-4,2024-11-13,5,4,PES,REPSE+Pb,Hypoxia,14:21:00,14:48:00,15:01:00,15:29:00,15:51:00,16:02:00,127.2,20,1-4
11-13-2024 Pes REPSE Pb 5-8,2024-11-13,5,5,PES,REPSE+Pb,Hypoxia,14:21:00,14:48:00,15:01:00,15:29:00,15:51:00,16:02:00,NA,NA,5-8
11-13-2024 Pes REPSE Pb 5-8,2024-11-13,5,6,PES,REPSE+Pb,Heat Stress,14:21:00,14:48:00,15:01:00,15:29:00,15:51:00,16:02:00,119.6,20.05,5-8
11-13-2024 Pes REPSE Pb 5-8,2024-11-13,5,7,PES,REPSE+Pb,Heat Stress,14:21:00,14:48:00,15:01:00,15:29:00,15:51:00,16:02:00,160.4,22.7,5-8
11-13-2024 Pes REPSE Pb 5-8,2024-11-13,5,8,PES,REPSE+Pb,Heat Stress,14:21:00,14:48:00,15:01:00,15:29:00,15:51:00,16:02:00,149.5,22.5,5-8
11-14-2024 PES Control 1-4,2024-11-14,5,1,PES,Control,Control,11:22:00,11:49:00,12:03:00,12:32:00,13:16:00,13:28:00,132.7,21,1-4
11-14-2024 PES Control 1-4,2024-11-14,5,2,PES,Control,Hypoxia,11:22:00,11:49:00,12:03:00,12:32:00,13:16:00,13:28:00,192.9,23,1-4
11-14-2024 PES Control 1-4,2024-11-14,5,3,PES,Control,Heat Stress,11:22:00,11:49:00,12:03:00,12:32:00,13:16:00,13:28:00,149.3,21.3,1-4
11-14-2024 PES Control 1-4,2024-11-14,5,4,PES,Control,Heat Stress,11:22:00,11:49:00,12:03:00,12:32:00,13:16:00,13:28:00,132.1,21.8,1-4
11-14-2024 PES Cd 5-8,2024-11-14,5,5,PES,Cd,Control,11:22:00,11:49:00,12:03:00,12:32:00,13:16:00,13:28:00,158.4,22.1,5-8
11-14-2024 PES Cd 5-8,2024-11-14,5,6,PES,Cd,Hypoxia,11:22:00,11:49:00,12:03:00,12:32:00,13:16:00,13:28:00,191.8,22.4,5-8
11-14-2024 PES Cd 5-8,2024-11-14,5,7,PES,Cd,Heat Stress,11:22:00,11:49:00,12:03:00,12:32:00,13:16:00,13:28:00,157.6,21.3,5-8
11-14-2024 PES Cd 5-8,2024-11-14,5,8,PES,Cd,Heat Stress,11:22:00,11:49:00,12:03:00,12:32:00,13:16:00,13:28:00,153.1,22.4,5-8
11-14-2024 Pes Pb 1-4,2024-11-14,5,1,PES,Pb,Control,15:06:00,15:32:00,15:46:00,16:11:00,16:32:00,16:42:00,150.6,21.55,1-4
11-14-2024 Pes Pb 1-4,2024-11-14,5,2,PES,Pb,Hypoxia,15:06:00,15:32:00,15:46:00,16:11:00,16:32:00,16:42:00,177.3,23.3,1-4
11-14-2024 Pes Pb 1-4,2024-11-14,5,3,PES,Pb,Heat Stress,15:06:00,15:32:00,15:46:00,16:11:00,16:32:00,16:42:00,163,22.35,1-4
11-14-2024 Pes Pb 1-4,2024-11-14,5,4,PES,Pb,Heat Stress,15:06:00,15:32:00,15:46:00,16:11:00,16:32:00,16:42:00,167.3,22.95,1-4
11-14-2024 Pes REPSE 5-8,2024-11-14,5,5,PES,REPSE,Control,15:06:00,15:32:00,15:46:00,16:11:00,16:32:00,16:42:00,187.4,23.85,5-8
11-14-2024 Pes REPSE 5-8,2024-11-14,5,6,PES,REPSE,Hypoxia,15:06:00,15:32:00,15:46:00,16:11:00,16:32:00,16:42:00,141.9,21.5,5-8
11-14-2024 Pes REPSE 5-8,2024-11-14,5,7,PES,REPSE,Heat Stress,15:06:00,15:32:00,15:46:00,16:11:00,16:32:00,16:42:00,177.5,22.7,5-8
11-14-2024 Pes REPSE 5-8,2024-11-14,5,8,PES,REPSE,Heat Stress,15:06:00,15:32:00,15:46:00,16:11:00,16:32:00,16:42:00,205.6,23.1,5-8
11-15-2024 PES REPSE+Cd 1-4,2024-11-15,5,1,PES,REPSE+Cd,Control,11:01:00,11:28:00,11:41:00,12:06:00,12:36:00,12:47:00,155.8,21.3,1-4
11-15-2024 PES REPSE+Cd 1-4,2024-11-15,5,2,PES,REPSE+Cd,Hypoxia,11:01:00,11:28:00,11:41:00,12:06:00,12:36:00,12:47:00,155.5,21.7,1-4
11-15-2024 PES REPSE+Cd 1-4,2024-11-15,5,3,PES,REPSE+Cd,Heat Stress,11:01:00,11:28:00,11:41:00,12:06:00,12:36:00,12:47:00,141.8,21,1-4
11-15-2024 PES REPSE+Cd 1-4,2024-11-15,5,4,PES,REPSE+Cd,Heat Stress,11:01:00,11:28:00,11:41:00,12:06:00,12:36:00,12:47:00,127.8,21.1,1-4
11-15-2024 PES REPSE+Pb 5-8,2024-11-15,5,5,PES,REPSE+Pb,Control,11:01:00,11:28:00,11:41:00,12:06:00,12:36:00,12:47:00,148.1,21.3,5-8
11-15-2024 PES REPSE+Pb 5-8,2024-11-15,5,6,PES,REPSE+Pb,Hypoxia,11:01:00,11:28:00,11:41:00,12:06:00,12:36:00,12:47:00,197.4,22.9,5-8
11-15-2024 PES REPSE+Pb 5-8,2024-11-15,5,7,PES,REPSE+Pb,Heat Stress,11:01:00,11:28:00,11:41:00,12:06:00,12:36:00,12:47:00,200,23.7,5-8
11-15-2024 PES REPSE+Pb 5-8,2024-11-15,5,8,PES,REPSE+Pb,Heat Stress,11:01:00,11:28:00,11:41:00,12:06:00,12:36:00,12:47:00,142.9,20.5,5-8
11-15-2024 REP Pb 1-4 gap fill,2024-11-15,5,1,REP,Pb,Control,15:05:00,15:33:00,15:53:00,16:20:00,16:55:00,17:05:00,218.3,23.7,1-4
11-15-2024 REP Pb 1-4 gap fill,2024-11-15,5,2,REP,Pb,Control,15:05:00,15:33:00,15:53:00,16:20:00,16:55:00,17:05:00,159.1,22.5,1-4
11-15-2024 REP Pb 1-4 gap fill,2024-11-15,5,3,REP,Pb,Hypoxia,15:05:00,15:33:00,15:53:00,16:20:00,16:55:00,17:05:00,NA,NA,1-4
11-15-2024 REP Pb 1-4 gap fill,2024-11-15,5,4,REP,Pb,Heat Stress,15:05:00,15:33:00,15:53:00,16:20:00,16:55:00,17:05:00,256.5,NA,1-4
11-15-2024 REP_PES REPSE+Cd_Cd 5-8 gap fill,2024-11-15,5,5,REP,REPSE+Cd,Control,15:05:00,15:33:00,15:53:00,16:20:00,16:55:00,17:05:00,196.1,23.1,5-8
11-15-2024 REP_PES REPSE+Cd_Cd 5-8 gap fill,2024-11-15,5,6,REP,REPSE+Cd,Hypoxia,15:05:00,15:33:00,15:53:00,16:20:00,16:55:00,17:05:00,256.3,25.3,5-8
11-15-2024 REP_PES REPSE+Cd_Cd 5-8 gap fill,2024-11-15,5,7,PES,Cd,Control,15:05:00,15:33:00,15:53:00,16:20:00,16:55:00,17:05:00,294.2,26.2,5-8
11-15-2024 REP_PES REPSE+Cd_Cd 5-8 gap fill,2024-11-15,5,8,PES,Cd,Heat Stress,15:05:00,15:33:00,15:53:00,16:20:00,16:55:00,17:05:00,175.1,22.3,5-8
12-4-2024 KC Control 1-4,2024-12-04,6,1,KC,Control,Control,11:56:00,12:21:00,12:31:00,13:06:00,13:38:00,13:48:00,236.4,24,1-4
12-4-2024 KC Control 1-4,2024-12-04,6,2,KC,Control,Control,11:56:00,12:21:00,12:31:00,13:06:00,13:38:00,13:48:00,297.8,27.2,1-4
12-4-2024 KC Control 1-4,2024-12-04,6,3,KC,Control,Hypoxia,11:56:00,12:21:00,12:31:00,13:06:00,13:38:00,13:48:00,238.4,24.7,1-4
12-4-2024 KC Control 1-4,2024-12-04,6,4,KC,Control,Heat Stress,11:56:00,12:21:00,12:31:00,13:06:00,13:38:00,13:48:00,263.7,25,1-4
12-4-2024 REP Control 5-8,2024-12-04,6,5,REP,Control,Control,11:56:00,12:21:00,12:31:00,13:06:00,13:38:00,13:48:00,308,28.1,5-8
12-4-2024 REP Control 5-8,2024-12-04,6,6,REP,Control,Control,11:56:00,12:21:00,12:31:00,13:06:00,13:38:00,13:48:00,272.5,26.8,5-8
12-4-2024 REP Control 5-8,2024-12-04,6,7,REP,Control,Hypoxia,11:56:00,12:21:00,12:31:00,13:06:00,13:38:00,13:48:00,276.5,26.1,5-8
12-4-2024 REP Control 5-8,2024-12-04,6,8,REP,Control,Heat Stress,11:56:00,12:21:00,12:31:00,13:06:00,13:38:00,13:48:00,321.9,26.8,5-8
12-4-2024 KC Pb Rep Cd Rep REPSE+Cd 1-4,2024-12-04,6,1,KC,Pb,Control,15:20:00,15:47:00,15:59:00,16:25:00,16:55:00,17:06:00,229.8,24.5,1-4
12-4-2024 KC Pb Rep Cd Rep REPSE+Cd 1-4,2024-12-04,6,2,KC,Pb,Hypoxia,15:20:00,15:47:00,15:59:00,16:25:00,16:55:00,17:06:00,338.5,27.7,1-4
12-4-2024 KC Pb Rep Cd Rep REPSE+Cd 1-4,2024-12-04,6,3,KC,Pb,Heat Stress,15:20:00,15:47:00,15:59:00,16:25:00,16:55:00,17:06:00,267.3,26.3,1-4
12-4-2024 KC Pb Rep Cd Rep REPSE+Cd 1-4,2024-12-04,6,4,REP,Cd,Control,15:20:00,15:47:00,15:59:00,16:25:00,16:55:00,17:06:00,182,22.1,1-4
12-4-2024 KC Pb Rep Cd Rep REPSE+Cd 5-8,2024-12-04,6,5,REP,Cd,Hypoxia,15:20:00,15:47:00,15:59:00,16:25:00,16:55:00,17:06:00,206.7,21.25,5-8
12-4-2024 KC Pb Rep Cd Rep REPSE+Cd 5-8,2024-12-04,6,6,REP,Cd,Heat Stress,15:20:00,15:47:00,15:59:00,16:25:00,16:55:00,17:06:00,394.2,29.5,5-8
12-4-2024 KC Pb Rep Cd Rep REPSE+Cd 5-8,2024-12-04,6,7,REP,REPSE+Cd,Control,15:20:00,15:47:00,15:59:00,16:25:00,16:55:00,17:06:00,234.1,24.05,5-8
12-4-2024 KC Pb Rep Cd Rep REPSE+Cd 5-8,2024-12-04,6,8,REP,REPSE+Cd,Hypoxia,15:20:00,15:47:00,15:59:00,16:25:00,16:55:00,17:06:00,324.8,27.5,5-8
12-5-2024 KC REPSE 1-4,2024-12-05,6,1,KC,REPSE,Control,11:19:00,11:44:00,11:57:00,12:24:00,12:56:00,13:09:00,160.6,22.1,1-4
12-5-2024 KC REPSE 1-4,2024-12-05,6,2,KC,REPSE,Control,11:19:00,11:44:00,11:57:00,12:24:00,12:56:00,13:09:00,228.4,23.3,1-4
12-5-2024 KC REPSE 1-4,2024-12-05,6,3,KC,REPSE,Control,11:19:00,11:44:00,11:57:00,12:24:00,12:56:00,13:09:00,182.4,21.4,1-4
12-5-2024 KC REPSE 1-4,2024-12-05,6,4,KC,REPSE,Hypoxia,11:19:00,11:44:00,11:57:00,12:24:00,12:56:00,13:09:00,208.4,22.9,1-4
12-5-2024 KC REPSE 5-8,2024-12-05,6,5,KC,REPSE,Hypoxia,11:19:00,11:44:00,11:57:00,12:24:00,12:56:00,13:09:00,180.5,22,5-8
12-5-2024 KC REPSE 5-8,2024-12-05,6,6,KC,REPSE,Hypoxia,11:19:00,11:44:00,11:57:00,12:24:00,12:56:00,13:09:00,289.8,25.7,5-8
12-5-2024 KC REPSE 5-8,2024-12-05,6,7,KC,REPSE,Heat Stress,11:19:00,11:44:00,11:57:00,12:24:00,12:56:00,13:09:00,194,22.8,5-8
12-5-2024 KC REPSE 5-8,2024-12-05,6,8,KC,REPSE,Heat Stress,11:19:00,11:44:00,11:57:00,12:24:00,12:56:00,13:09:00,190.8,22.8,5-8
12-5-2024 KC REPSE+Pb Rep Pb 1-4,2024-12-05,6,1,KC,REPSE+Pb,Control,14:47:00,15:13:00,15:26:00,15:52:00,16:12:00,16:23:00,328.5,26.75,1-4
12-5-2024 KC REPSE+Pb Rep Pb 1-4,2024-12-05,6,2,KC,REPSE+Pb,Control,14:47:00,15:13:00,15:26:00,15:52:00,16:12:00,16:23:00,204.4,22.25,1-4
12-5-2024 KC REPSE+Pb Rep Pb 1-4,2024-12-05,6,3,KC,REPSE+Pb,Control,14:47:00,15:13:00,15:26:00,15:52:00,16:12:00,16:23:00,389.5,27.8,1-4
12-5-2024 KC REPSE+Pb Rep Pb 1-4,2024-12-05,6,4,REP,Pb,Control,14:47:00,15:13:00,15:26:00,15:52:00,16:12:00,16:23:00,151.4,21.3,1-4
12-5-2024 KC REPSE+Pb Rep Pb 5-8,2024-12-05,6,5,REP,Pb,Control,14:47:00,15:13:00,15:26:00,15:52:00,16:12:00,16:23:00,208.7,23.6,5-8
12-5-2024 KC REPSE+Pb Rep Pb 5-8,2024-12-05,6,6,REP,Pb,Hypoxia,14:47:00,15:13:00,15:26:00,15:52:00,16:12:00,16:23:00,261.8,25,5-8
12-5-2024 KC REPSE+Pb Rep Pb 5-8,2024-12-05,6,7,REP,Pb,Heat Stress,14:47:00,15:13:00,15:26:00,15:52:00,16:12:00,16:23:00,262.4,25.3,5-8
12-5-2024 KC REPSE+Pb Rep Pb 5-8,2024-12-05,6,8,REP,REPSE,Heat Stress,14:47:00,15:13:00,15:26:00,15:52:00,16:12:00,16:23:00,172.5,24.4,5-8
12-6-2024 KC Pb KC REPSE+Pb Rep Pb Rep REPSE 1-4,2024-12-06,6,1,KC,Pb,Control,12:37:00,13:03:00,13:17:00,13:43:00,14:08:00,14:19:00,234.9,24.5,1-4
12-6-2024 KC Pb KC REPSE+Pb Rep Pb Rep REPSE 1-4,2024-12-06,6,2,KC,Pb,Control,12:37:00,13:03:00,13:17:00,13:43:00,14:08:00,14:19:00,300.4,26,1-4
12-6-2024 KC Pb KC REPSE+Pb Rep Pb Rep REPSE 1-4,2024-12-06,6,3,KC,REPSE+Pb,Heat Stress,12:37:00,13:03:00,13:17:00,13:43:00,14:08:00,14:19:00,267.3,25.6,1-4
12-6-2024 KC Pb KC REPSE+Pb Rep Pb Rep REPSE 1-4,2024-12-06,6,4,REP,Pb,Hypoxia,12:37:00,13:03:00,13:17:00,13:43:00,14:08:00,14:19:00,163,22.1,1-4
12-6-2024 KC Pb KC REPSE+Pb Rep Pb Rep REPSE 5-8,2024-12-06,6,5,REP,REPSE,Control,12:37:00,13:03:00,13:17:00,13:43:00,14:08:00,14:19:00,192.4,23.3,5-8
12-6-2024 KC Pb KC REPSE+Pb Rep Pb Rep REPSE 5-8,2024-12-06,6,6,REP,REPSE,Hypoxia,12:37:00,13:03:00,13:17:00,13:43:00,14:08:00,14:19:00,173.1,23.1,5-8
12-6-2024 KC Pb KC REPSE+Pb Rep Pb Rep REPSE 5-8,2024-12-06,6,7,REP,REPSE,Hypoxia,12:37:00,13:03:00,13:17:00,13:43:00,14:08:00,14:19:00,117.3,21,5-8
12-6-2024 KC Pb KC REPSE+Pb Rep Pb Rep REPSE 5-8,2024-12-06,6,8,REP,REPSE,Heat Stress,12:37:00,13:03:00,13:17:00,13:43:00,14:08:00,14:19:00,164.2,22.5,5-8
12-11-2024 KC Cd 1-4,2024-12-11,6,1,KC,Cd,Control,11:21:00,11:47:00,12:05:00,12:32:00,13:02:00,13:15:00,195.7,22.2,1-4
12-11-2024 KC Cd 1-4,2024-12-11,6,2,KC,Cd,Control,11:21:00,11:47:00,12:05:00,12:32:00,13:02:00,13:15:00,221,23.4,1-4
12-11-2024 KC Cd 1-4,2024-12-11,6,3,KC,Cd,Control,11:21:00,11:47:00,12:05:00,12:32:00,13:02:00,13:15:00,234.6,23.7,1-4
12-11-2024 KC Cd 1-4,2024-12-11,6,4,KC,Cd,Control,11:21:00,11:47:00,12:05:00,12:32:00,13:02:00,13:15:00,218.3,22.9,1-4
12-11-2024 KC Cd 5-8,2024-12-11,6,5,KC,Cd,Hypoxia,11:21:00,11:47:00,12:05:00,12:32:00,13:02:00,13:15:00,182.7,22,5-8
12-11-2024 KC Cd 5-8,2024-12-11,6,6,KC,Cd,Hypoxia,11:21:00,11:47:00,12:05:00,12:32:00,13:02:00,13:15:00,297.3,26.4,5-8
12-11-2024 KC Cd 5-8,2024-12-11,6,7,KC,Cd,Heat Stress,11:21:00,11:47:00,12:05:00,12:32:00,13:02:00,13:15:00,159.9,21.1,5-8
12-11-2024 KC Cd 5-8,2024-12-11,6,8,KC,Cd,Heat Stress,11:21:00,11:47:00,12:05:00,12:32:00,13:02:00,13:15:00,191.3,23.6,5-8
12-11-2024 KC REPSE Cd 1-4,2024-12-11,6,1,KC,REPSE+Cd,Control,14:34:00,15:01:00,15:14:00,15:40:00,16:00:00,16:11:00,223.1,24.2,1-4
12-11-2024 KC REPSE Cd 1-4,2024-12-11,6,2,KC,REPSE+Cd,Control,14:34:00,15:01:00,15:14:00,15:40:00,16:00:00,16:11:00,197.7,22.7,1-4
12-11-2024 KC REPSE Cd 1-4,2024-12-11,6,3,KC,REPSE+Cd,Control,14:34:00,15:01:00,15:14:00,15:40:00,16:00:00,16:11:00,200.6,23.95,1-4
12-11-2024 KC REPSE Cd 1-4,2024-12-11,6,4,KC,REPSE+Cd,Control,14:34:00,15:01:00,15:14:00,15:40:00,16:00:00,16:11:00,242.8,24.7,1-4
12-11-2024 KC REPSE Cd 5-8,2024-12-11,6,5,KC,REPSE+Cd,Hypoxia,14:34:00,15:01:00,15:14:00,15:40:00,16:00:00,16:11:00,228.4,24.5,5-8
12-11-2024 KC REPSE Cd 5-8,2024-12-11,6,6,KC,REPSE+Cd,Hypoxia,14:34:00,15:01:00,15:14:00,15:40:00,16:00:00,16:11:00,304.8,26.25,5-8
12-11-2024 KC REPSE Cd 5-8,2024-12-11,6,7,KC,REPSE+Cd,Heat Stress,14:34:00,15:01:00,15:14:00,15:40:00,16:00:00,16:11:00,303.3,25.05,5-8
12-11-2024 KC REPSE Cd 5-8,2024-12-11,6,8,KC,REPSE+Cd,Heat Stress,14:34:00,15:01:00,15:14:00,15:40:00,16:00:00,16:11:00,277.7,24.8,5-8
12-12-2024 REP REPSE 1-4,2024-12-12,6,1,REP,REPSE,Control,14:44:00,15:09:00,15:29:00,15:56:00,16:25:00,16:43:00,220.4,23.9,1-4
12-12-2024 REP REPSE 1-4,2024-12-12,6,2,REP,REPSE,Control,14:44:00,15:09:00,15:29:00,15:56:00,16:25:00,16:43:00,348.6,26.3,1-4
12-12-2024 REP REPSE 1-4,2024-12-12,6,3,REP,REPSE,Control,14:44:00,15:09:00,15:29:00,15:56:00,16:25:00,16:43:00,241.7,25.2,1-4
12-12-2024 REP REPSE 1-4,2024-12-12,6,4,REP,REPSE,Control,14:44:00,15:09:00,15:29:00,15:56:00,16:25:00,16:43:00,258.6,25.85,1-4
12-12-2024 REP REPSE 5-8,2024-12-12,6,5,REP,REPSE,Hypoxia,14:44:00,15:09:00,15:29:00,15:56:00,16:25:00,16:43:00,202.2,23.9,5-8
12-12-2024 REP REPSE 5-8,2024-12-12,6,6,REP,REPSE,Hypoxia,14:44:00,15:09:00,15:29:00,15:56:00,16:25:00,16:43:00,284.7,27.2,5-8
12-12-2024 REP REPSE 5-8,2024-12-12,6,7,REP,REPSE,Heat Stress,14:44:00,15:09:00,15:29:00,15:56:00,16:25:00,16:43:00,203.7,24.3,5-8
12-12-2024 REP REPSE 5-8,2024-12-12,6,8,REP,REPSE,Heat Stress,14:44:00,15:09:00,15:29:00,15:56:00,16:25:00,16:43:00,212.7,25,5-8
